English	Myanmar	Category	Notes	Update	Unnamed: 5	Unnamed: 6
Accelerate	အရှိန်အဟုန်မြှင့်	General	To speed up or increase pace			
Accessible	လက်လှမ်းမီသော	General	Able to be reached or accessed			
Active case finding	တက်ကြွတီဘီရှိသော လူနာကိုရှာဖွေခြင်း	Diagnostic	Proactive patient detection	တက်ကြွတီဘီရှိသော လူနာကိုရှာဖွေခြင်း		
Active TB	ကူးစက်နိုင်သော တီဘီရောဂါ	Diagnosis	Active tuberculosis disease			
Active TB disease	ကူးစက်နိုင်သော တီဘီရောဂါ	Diagnosis	Active tuberculosis infection			
Adherence	ဆေးသောက်လိုက်နာမှု	Treatment	Treatment compliance			
Adverse drug reaction	ဆေးဝါး ဆိုးကျိုး	Drug Safety	Unwanted drug effects			
Adverse effect	ဆိုးကျိုး / ဘေးထွက်ဆိုးကျိုး	Drug Safety	Negative treatment outcomes			
Age group	အသက်အုပ်စု	Demographics	Age classification			
All-oral regimen	ပါးစပ်ဖြင့်သောက်သုံးနိုင်သော ကုထုံး	Treatment	Oral-only treatment			
Alternative rifamycin	အခြား rifamycin	Drugs	Non-standard rifamycin			
Am (Amikacin)	Am (အမီကာစင်ဆေးဝါး)	Drugs	Injectable aminoglycoside			
Aminoglycoside	အမီနိုဂလိုင်ကိုဆိုက်	Drugs	Class of antibiotics			
Anemia	သွေးအားနည်းရောဂါ	Side Effects	Low red blood cell count			
Anti-TB activity	TB ဆန့်ကျင်ရေး လုပ်ဆောင်ချက်	Drugs	Tuberculosis-fighting action			
Anti-TB drug	TB ဆန့်ကျင်ရေး ဆေးဝါး	Drugs	Tuberculosis medication			
Antibiotic	ပဋိဇီဝဆေး	Drugs	Antibacterial medication			
Arrhythmia	နှလုံးခုန်နှုန်း မမှန်မကန်ဖြစ်မှု	Side Effects	Irregular heartbeat			
Assessment	အကဲဖြတ်မှု	General	Evaluation process			
Bacteria	ဘက်တီးရီးယား	Microbiology	Bacterial organisms			
Bactericidal	ဘက်တီးရီးယားသတ်နိုင်သော	Drugs	Kills bacteria			
Bacteriological confirmation	ဘက်တီးရီးယား စစ်ဆေးမှု	Diagnosis	Laboratory confirmation			
Bacteriostatic	ဘက်တီးရီးယား တိုးပွားမှုကို ရပ်တန့်စေသော	Drugs	Stops bacterial growth			
Baseline	အခြေခံ ကိန်းဂဏန်း / အခြေအနေ	Statistics	Starting point measurement			
Bdq (Bedaquiline)	Bdq (ဘီဒါကွီလင်းဆေးဝါး)	Drugs	Newer oral TB drug			
Bedaquiline	ဘီဒါကွီလင်းဆေးဝါး	Drugs	Novel TB medication			
BPaL regimen	BPaL ကုထုံး	Treatment	Bedaquiline-Pretomanid-Linezolid			
Burden	ဝန်ထုပ်ဝန်ပိုး	Epidemiology	Disease burden			
Cardiac monitoring	နှလုံး စောင့်ကြည့်မှု	Monitoring	Heart function monitoring			
Carbapenem	ကာဘာပီနန်	Drugs	Class of antibiotics			
Case detection	လူနာရှာဖွေတွေ့ရှိမှု	Diagnosis	Finding TB cases			
Case finding	လူနာရှာဖွေခြင်း	Diagnosis	Active patient search			
Catastrophic costs	မိသားစုဝင်ငွေအပေါ် ဆုံးရှုံးနစ်နာစေသော အပိုငွေကြေး ကုန်ကျမှု	Economics	Severe financial burden			
Category	အမျိုးအစား	Classification	Type or class			
Chest radiography	ရင်ဘတ် ဓာတ်မှန်ရိုက်ခြင်း	Diagnosis	Chest X-ray			
Children	ကလေးများ	Demographics	Pediatric population			
Clinical symptoms	လူနာ၏ လက္ခဏာများ	Diagnosis	Patient symptoms			
Close contact	နီးကပ်စွာထိတွေ့သူ	Epidemiology	TB exposure contact			
Close contact investigation	နီးကပ်စွာထိတွေ့သူ စူးစမ်းစစ်ဆေးခြင်း	Diagnosis	Contact tracing			
Co-infected	တပြိုင်နက် ကူးစက်ခံရ	Comorbidity	Simultaneous infections			
Combination	ပေါင်းစပ်မှု	Treatment	Drug combination			
Comorbidity	တွဲဖက်ဖြစ်ပွားသော ရောဂါ	Medical	Additional diseases			
Comparative efficacy	နှိုင်းယှဉ်နိုင်သော ထိရောက်မှု	Drugs	Comparable effectiveness			
Composition	ဖွဲ့စည်းမှု	Treatment	Regimen makeup			
Confirmed TB	အတည်ပြုထားသော တီဘီရောဂါ	Diagnosis	Laboratory-confirmed TB			
Contact screening	ထိတွေ့ဆက်ဆံမှု စစ်ဆေးခြင်း	Diagnosis	Contact investigation	ထိတွေ့ဆက်ဆံမှု စစ်ဆေးခြင်း		
Contact tracing	ထိတွေ့ဆက်ဆံမှု ခြေရာခံခြင်း	Epidemiology	Finding contacts	ထိတွေ့ဆက်ဆံမှု ခြေရာခံခြင်း		
Cornerstone drug	အခြေခံအုတ်မြစ်ဖြစ်သော ဆေးဝါး	Drugs	Essential medication			
Cs (Cycloserine)	Cs (ဆိုင်ကလိုဆယ်ရင်းဆေးဝါး)	Drugs	Second-line TB drug			
Culture	ပိုးမွေးစမ်းသပ်ခြင်း	Diagnosis	Bacterial culture			
Cycloserine	ဆိုင်ကလိုဆယ်ရင်းဆေးဝါး	Drugs	Second-line medication			
Deaths	သေဆုံးမှု	Epidemiology	Mortality			
Delamanid	ဒီလာမာနစ်ဆေးဝါး	Drugs	Newer TB medication			
Detection	ရှာဖွေတွေ့ရှိမှု	Diagnosis	Finding cases			
Diagnosis	စစ်ဆေးဖော်ထုတ်ခြင်း	Medical	Disease identification			
Diagnostic criteria	စစ်ဆေးဖော်ထုတ်ရာတွင် အသုံးပြုသော သတ်မှတ်ချက်များ	Diagnosis	Criteria for diagnosis			
Directly observed treatment	တိုက်ရိုက် ကြီးကြပ် ကုသခြင်း	Treatment	DOT treatment approach			
Dlm (Delamanid)	Dlm (ဒီလာမာနစ်ဆေးဝါး)	Drugs	Newer oral TB drug			
Documentation	မှတ်တမ်းတင်ခြင်း	General	Record keeping			
DOT (Directly Observed Treatment)	DOT (တိုက်ရိုက် ကြီးကြပ် ကုသခြင်း)	Treatment	Supervised treatment			
Drug combinations	ဆေးဝါး ပေါင်းစပ်မှုများ	Treatment	Medication combinations			
Drug interaction	ဆေးဝါး အပြန်အလှန် တုံ့ပြန်မှု	Pharmacology	Drug-drug interaction			
Drug management	ဆေးဝါး စီမံခန့်ခွဲမှု	Treatment	Medication management			
Drug resistance	ဆေးယဉ်ပါးခြင်း	Resistance	Antibiotic resistance	ဆေးယဉ်ပါးခြင်း		
Drug-resistant TB	ဆေးယဉ်ပါး တီဘီရောဂါ / ဆေးဒဏ်ခံ တီဘီရောဂါ	Diagnosis	Resistant tuberculosis			
Duration	ကာလ	Treatment	Time period			
E (Ethambutol)	E (အီသမ်ဘျူတောလ်ဆေးဝါး)	Drugs	First-line TB drug			
Early diagnosis	စောစီးစွာ စစ်ဆေးဖော်ထုတ်ခြင်း	Diagnosis	Early detection			
ECG	ECG	Monitoring	Electrocardiogram			
Education	ပညာပေး	General	Teaching/training			
Efficacy	ထိရောက်မှု	Drugs	Effectiveness			
Eliminate TB	တီဘီရောဂါ ပပျောက်စေ	Goals	Eradicate tuberculosis			
Energy metabolism	စွမ်းအင် ဇီဝဖြစ်ပျက်မှု	Biology	Metabolic processes			
Essential drug	မရှိမဖြစ်လိုအပ်သော ဆေးဝါး	Drugs	Critical medication			
Ethambutol	အီသမ်ဘျူတောလ်ဆေးဝါး	Drugs	First-line medication			
Ethionamide	အီသီအိုနမိုက်ဆေးဝါး	Drugs	Second-line medication			
Eto (Ethionamide)	Eto (အီသီအိုနမိုက်ဆေးဝါး)	Drugs	Second-line TB drug			
Extensively drug-resistant TB	အလွန်အမင်းဆေးဒဏ်ခံ တီဘီ	Diagnosis	XDR-TB			
Extra-pulmonary TB	အဆုတ်ပြင်ပ တီဘီရောဂါ	Diagnosis	TB outside lungs			
Facilitate	လွယ်ကူစေ	General	Make easier			
First-line drug	ပထမတန်းစား ဆေးဝါး	Drugs	Primary medication			
Fluoroquinolone	ဖလိုရိုကွီနိုလုန်းဆေး	Drugs	Class of antibiotics			
Follow-up	နောက်ဆက်တွဲ စောင့်ကြည့်ခြင်း	Treatment	Continued monitoring			
Gastrointestinal	အစာအိမ်အူလမ်းကြောင်း	Anatomy	Digestive system			
General objective	ယေဘုယျ ရည်မှန်းချက်	Goals	Overall objective			
Global target	ကမ္ဘာအဆင့် ပန်းတိုင်	Goals	Worldwide target			
Guidelines	လမ်းညွှန်ချက်များ	Standards	Treatment protocols			
H (Isoniazid)	H (အိုင်ဆိုနိုင်ယာဇစ်ဆေးဝါး)	Drugs	First-line TB drug			
Health problem	ကျန်းမာရေး ပြဿနာ	Public Health	Medical issue			
Health status	ကျန်းမာရေးအဆင့်အတန်း	Public Health	Health condition			
Healthcare approach	ကျန်းမာရေး နည်းဗျူဟာ	Healthcare System	Health strategy			
Healthcare settings	ကျန်းမာရေး အပြင်အဆင်များ	Healthcare System	Medical facilities			
Healthcare worker	ကျန်းမာရေး ဝန်ထမ်း	Personnel	Medical staff			
Hematologic toxicity	သွေးဆိုင်ရာ အဆိပ်သင့်မှု	Side Effects	Blood-related toxicity			
High-risk groups	ဖြစ်ပွားနိုင်ချေရှိသည့် ဦးတည်အုပ်စုများ	Epidemiology	Vulnerable populations			
HIV co-infected	HIV တပြိုင်နက် ကူးစက်ခံရသော	Comorbidity	HIV-TB co-infection			
Households	မိသားစုဝင်	Demographics	Family units			
HRZE regimen	HRZE ကုထုံး	Treatment	Standard 4-drug regimen			
Incidence	ဖြစ်ပွားမှု / ဖြစ်ပွားနှုန်း	Epidemiology	New case rate			
Incidence rate	ဖြစ်ပွားမှုနှုန်း	Epidemiology	Rate of occurrence			
Infection control	ကူးစက်မှု ထိန်းချုပ်ရေး	Prevention	Preventing transmission			
Injectable	ထိုးဆေး	Drugs	Injection medication			
Injectable-based therapy	ထိုးဆေးအခြေခံ ကုထုံး	Treatment	Injection-based treatment			
Inhibit	ဟန့်တား	Pharmacology	Block or prevent			
Integrate	ထည့်သွင်း ဆောင်ရွက်	Integration	Incorporate into system			
Integrate TB prevention	တီဘီရောဂါ ကာကွယ် ထည့်သွင်း ဆောင်ရွက်	Prevention	Include TB prevention			
Intervention	ကြားဝင်ဆောင်ရွက်မှု	Treatment	Medical intervention			
Ipm/Cln (Imipenem/Cilastatin)	Ipm/Cln (အီမီပီနမ်/ဆိုင်လာစတက်တင်ဆေးဝါး)	Drugs	Carbapenem combination			
Isoniazid	အိုင်ဆိုနိုင်ယာဇစ်ဆေးဝါး	Drugs	First-line medication			
Laboratory	ဓာတ်ခွဲခန်း	Facility	Testing facility			
Last-resort options	နောက်ဆုံး ရွေးချယ်စရာများ	Treatment	Final treatment options			
Latent TB	ပုန်းလျှိုးနေသောတီဘီ	Diagnosis	Dormant TB infection	ပုန်းလျှိုးနေသောတီဘီ		
Latent TB infection	ပုန်းလျှိုးနေသောတီဘီ ကူးစက်မှု	Diagnosis	Inactive TB	ပုန်းလျှိုးနေသောတီဘီ ကူးစက်မှု		
Levofloxacin	လီဗိုဖလော့ဇာဆင်ဆေးဝါး	Drugs	Fluoroquinolone antibiotic			
Lfx (Levofloxacin)	Lfx (လီဗိုဖလော့ဇာဆင်ဆေးဝါး)	Drugs	Fluoroquinolone			
Linezolid	လိုင်နီဇိုလစ်ဆေးဝါး	Drugs	Oxazolidinone antibiotic			
Lzd (Linezolid)	Lzd (လိုင်နီဇိုလစ်ဆေးဝါး)	Drugs	Oxazolidinone			
Major health problem	အဓိက ကျန်းမာရေး ပြဿနာ	Public Health	Significant health issue			
MDR-TB	MDR-TB (ဆေးယဉ်ပါး တီဘီရောဂါ)	Diagnosis	Multi-drug resistant TB			
Medical history	ရောဂါဖြစ်စဉ် သမိုင်း	Medical	Patient history			
Meropenem	မီရိုပီနမ်ဆေးဝါး	Drugs	Carbapenem antibiotic			
Mfx (Moxifloxacin)	Mfx (မော့ဇီဖလော့ဇာဆင်ဆေးဝါး)	Drugs	Fluoroquinolone			
Milestone	ဝိသေသ ရည်မှန်းချက်	Goals	Target achievement			
Monitoring	စောင့်ကြည့်မှု	Treatment	Observation			
Mortality	သေဆုံးမှု	Epidemiology	Death rate			
Moxifloxacin	မော့ဇီဖလော့ဇာဆင်ဆေးဝါး	Drugs	Fluoroquinolone antibiotic			
Mpm (Meropenem)	Mpm (မီရိုပီနမ်ဆေးဝါး)	Drugs	Carbapenem			
Multi-drug resistant TB	ဆေးယဉ်ပါး တီဘီရောဂါ	Diagnosis	MDR-TB			
Mycobacterial	မိုင်ကိုဘက်တီးရီးယား	Microbiology	Related to mycobacteria			
National TB Programme	အမျိုးသား တီဘီရောဂါ တိုက်ဖျက်ရေး စီမံကိန်း	Organization	NTP			
Neuropsychiatric effects	အာရုံကြောစိတ်ပိုင်းဆိုင်ရာ အကျိုးသက်ရောက်မှုများ	Side Effects	Mental health effects			
New cases	လူနာသစ်များ	Epidemiology	Newly diagnosed	လူနာသစ်များ		
New TB incidence	တီဘီလူနာသစ်ဖြစ်ပွားမှု	Epidemiology	New TB occurrence			
Notification	သတင်းပို့ခြင်း	Reporting	Case reporting			
NTP (National TB Programme)	NTP (အမျိုးသား တီဘီရောဂါ တိုက်ဖျက်ရေး စီမံကိန်း)	Organization	National program			
Objective	ရည်ရွယ်ချက် / ရည်မှန်းချက်	Goals	Goal or aim			
Oral	ပါးစပ်ဖြင့်သောက်ရသော	Route	By mouth	ပါးစပ်ဖြင့်သောက်ရသော		
Ototoxicity	နားအဆိပ်သင့်မှု	Side Effects	Ear toxicity			
Pa (Pretomanid)	Pa (ပရီတိုမာနစ်ဆေးဝါး)	Drugs	Newer oral TB drug			
Paradigm shift	စံနမူနာ ပြောင်းလဲမှု	Change	Fundamental change			
Patient education	လူနာအား ပညာပေးခြင်း	Education	Teaching patients			
Penetration	ထိုးဖောက်ဝင်ရောက်မှု	Pharmacology	Tissue penetration			
Per 100000 population	လူ ၁ သိန်းတွင်	Statistics	Rate per 100,000			
Population	လူဦးရေ / ပြည်သူလူထူ	Demographics	People			
Pregnancy	ကိုယ်ဝန်	Demographics	Pregnant state			
Prescription errors	ဆေးညွှန်းအမှား	Safety	Medication errors			
Pretomanid	ပရီတိုမာနစ်ဆေးဝါး	Drugs	Novel TB medication			
Prevalence	ဖြစ်ပွားမှု	Epidemiology	Disease prevalence			
Prevention	ကာကွယ်ရေး	Public Health	Disease prevention			
Preventive therapy	ကာကွယ်ရေး ကုထုံး	Prevention	Prophylactic treatment			
Primary healthcare	ပဏာမ ကျန်းမာရေး စောင့်ရှောက်မှု	Healthcare System	First-level care			
Primary healthcare approach	ပဏာမကျန်းမာရေး စောင့်ရှောက်မှု နည်းဗျူဟာ	Healthcare System	Primary care strategy			
Prothionamide	ပရိုသီအိုနမိုက်ဆေးဝါး	Drugs	Second-line medication			
Protocol	စနစ်	Standards	Treatment protocol			
Pto (Prothionamide)	Pto (ပရိုသီအိုနမိုက်ဆေးဝါး)	Drugs	Second-line TB drug			
Public health	ပြည်သူ့ကျန်းမာရေး	Public Health	Community health			
Pulmonary TB	အဆုတ်တီဘီ	Diagnosis	Lung tuberculosis			
Pyrazinamide	ပိုင်ရာဇီနမိုက်ဆေးဝါး	Drugs	First-line medication			
QT interval	QT interval	Monitoring	Cardiac measurement			
R (Rifampicin)	R (ရိုင်ဖမ်ပီဆင်ဆေးဝါး)	Drugs	First-line TB drug			
Radiological findings	ရေဒီယိုလိုဂျီ တွေ့ရှိချက်များ	Diagnosis	X-ray findings			
Reduce	လျော့ချ / လျှော့ချ	Goals	Decrease			
Reduce incidence	ဖြစ်ပွားမှု လျော့ချ	Goals	Lower occurrence			
Reduction	လျော့ချမှု / လျှော့ချမှု	Goals	Decrease			
Regimen	ကုထုံး	Treatment	Treatment protocol			
Regimen composition	ကုထုံး ဖွဲ့စည်းမှု	Treatment	Treatment makeup			
Relapse	တစ်ဖန် ပြန်ဖြစ်ခြင်း	Treatment Outcome	Disease recurrence			
Resistance	ဒဏ်ခံမှု / ယဉ်ပါးမှု	Microbiology	Drug resistance			
Resistance rates	ဒဏ်ခံမှုနှုန်း	Microbiology	Resistance frequency			
Rfb (Rifabutin)	Rfb (ရိုင်ဖာဘျူတင်ဆေးဝါး)	Drugs	Alternative rifamycin			
Rifabutin	ရိုင်ဖာဘျူတင်ဆေးဝါး	Drugs	Rifamycin antibiotic			
Rifampicin	ရိုင်ဖမ်ပီဆင်ဆေးဝါး	Drugs	First-line medication			
Rifamycin	ရိုင်ဖာမိုင်ဆင်	Drugs	Class of antibiotics			
RNA polymerase	RNA ပိုလီမာရေ့စ်	Biology	Enzyme target			
S (Streptomycin)	S (စထရက်တိုမိုင်ဆင်ဆေးဝါး)	Drugs	Injectable aminoglycoside			
Safety profile	ဘေးကင်းမှု သွင်ပြင်လက္ခဏာ	Safety	Safety characteristics			
Screening	စစ်ဆေးခြင်း	Diagnosis	Testing process			
Second-line drug	ဒုတိယတန်းစား ဆေးဝါး	Drugs	Alternative medication			
Shorten treatment	ကုသမှု တိုတောင်းစေ	Treatment	Reduce duration			
Short-course therapy	တိုတောင်းသော ကုထုံး	Treatment	Brief treatment			
Side effect	ဘေးထွက်ဆိုးကျိုး	Safety	Adverse effect			
Specific objective	တိကျသော ရည်ရွယ်ချက်	Goals	Particular goal			
Sputum	သလိပ်	Diagnosis	Mucus specimen			
Sputum examination	သလိပ် စစ်ဆေးခြင်း	Diagnosis	Sputum testing			
Sputum microscopy	သလိပ် အဏုကြည့်မှန်ပြောင်း စစ်ဆေးခြင်း	Diagnosis	Microscopic examination			
Sputum smear	သလိပ်	Diagnosis	Smear test			
Standard regimen	ပုံမှန် ကုထုံး	Treatment	Standard treatment			
Standardized communication	စံသတ်မှတ်ထားသော ဆက်သွယ်ရေး	Communication	Uniform messaging			
Strategy	နည်းဗျူဟာ	Planning	Strategic approach			
Streptomycin	စထရက်တိုမိုင်ဆင်ဆေးဝါး	Drugs	Injectable antibiotic			
Structurally similar	ဖွဲ့စည်းတည်ဆောက်ပုံအရ ဆင်တူ	Chemistry	Similar structure			
Suffering	ခံစားရမှု	Impact	Patient suffering			
Supervised treatment	ကြီးကြပ် ကုသခြင်း	Treatment	DOT approach			
Surveillance	စောင့်ကြည့်စစ်ဆေး လေ့လာခြင်း	Monitoring	Disease monitoring			
Suspect	သံသယ	Diagnosis	Suspected case			
Symptom	လက္ခဏာ	Clinical	Disease sign			
Target	ပန်းတိုင်	Goals	Objective			
Targeted high-risk groups	ဦးတည်အုပ်စုများ	Epidemiology	Focus populations			
TB control	တီဘီရောဂါ တိုက်ဖျက်ရေး	Public Health	TB program			
TB elimination	တီဘီရောဂါ ပပျောက်ခြင်း	Goals	Eradication			
TB-HIV co-infection	TB-HIV တပြိုင်နက် ကူးစက်ခံရခြင်း	Comorbidity	Dual infection			
Therapy	ကုထုံး	Treatment	Medical treatment			
Thrombocytopenia	thrombocytopenia	Side Effects	Low platelet count			
Tissue penetration	တစ်ရှူး ထိုးဖောက်ဝင်ရောက်မှု	Pharmacology	Drug penetration			
Toxicity	အဆိပ်သင့်မှု	Safety	Toxic effects			
Toxicity profile	အဆိပ်သင့်မှု သွင်ပြင်လက္ခဏာ	Safety	Toxicity pattern			
TPT (TB Preventive Therapy)	TPT (တီဘီရောဂါ ကာကွယ်ရေး ကုထုံး)	Prevention	Preventive treatment			
Treatment adherence	ဆေးသောက်လိုက်နာမှု	Treatment	Following treatment			
Treatment duration	ကုသမှု ကာလ	Treatment	Length of treatment			
Treatment guidelines	ကုသမှု လမ်းညွှန်ချက်များ	Standards	Clinical guidelines			
Treatment outcome	ကုသမှု ရလဒ်	Treatment	Result of therapy			
Treatment regimen	ကုသမှု ကုထုံး	Treatment	Treatment protocol			
Treatment success	ကုသမှု အောင်မြင်မှု	Treatment Outcome	Successful treatment			
Tuberculosis	တီဘီရောဂါ	Disease	TB disease			
Universal health coverage	ပြည်သူ တစ်ရပ်လုံး လက်လှမ်း မီသော ကျန်းမာရေး စောင့်ရှောက်မှု	Healthcare System	UHC			
Vision	ရည်မှန်းချက်	Goals	Long-term goal			
WHO	WHO (ကမ္ဘာ့ကျန်းမာရေးအဖွဲ့)	Organization	World Health Organization			
XDR-TB	XDR-TB (ကျယ်ကျယ်ပြန့်ပြန့် ဆေးဒဏ်ခံ တီဘီရောဂါ)	Diagnosis	Extensively drug-resistant TB			
Z (Pyrazinamide)	Z (ပိုင်ရာဇီနမိုက်ဆေးဝါး)	Drugs	First-line TB drug			
Zero TB	ACF (လှုပ်ရှားသော လူနာရှာဖွေခြင်း)	Goals	Eliminate TB completelyACF (Active Case Finding)	ACF (လှုပ်ရှားသော လူနာရှာဖွေခြင်း)	Diagnostic	Proactive case detection
Achievement	အောင်မြင်မှု	General	Success or accomplishment			
Adherence counselling	ဆေးသောက်မှန်ကန်ရေး နှစ်သိမ့်ဆွေးနွေးပညာပေးခြင်း	Patient Education	Treatment compliance counseling			
ART (Antiretroviral Therapy)	ART (ဗိုင်းရပ်စ်ဆန့်ကျင်ရေး ကုထုံး)	Treatment	HIV treatment			
Asymptomatic contacts	ရောဂါလက္ခဏာမရှိသော အတူနေသူများ	Contact Management	Contacts without symptoms			
Bacilli	ပိုး	Microbiology	TB bacteria			
Baseline year	အခြေခံနှစ်	Statistics	Reference year for comparison			
Basic Health Staff Programme	Basic Health Staff Programme	Healthcare System	BHSP program			
Belief	ယုံကြည်ခြင်း	Behavior	Trust or conviction			
Billboards	ကြော်ငြာဆိုင်းဘုတ်များ	Education	Advertising boards			
BSL-3 laboratory	BSL-3 ဓါတ်ခွဲခန်း	Laboratory	Biosafety Level 3 lab			
Catastrophic out-of-pocket costs	အပြင်းအထန် ကုန်ကျစရိတ်များ	Economics	Severe medical expenses			
CHW (Community Health Worker)	CHW (ပြည်သူ့ကျန်းမာရေးလုပ်သား)	Personnel	Community health volunteers			
Clinical exam	ကျန်းမာရေးစစ်ဆေးခြင်း	Diagnosis	Medical examination			
Collaboration	ပူးပေါင်းဆောင်ရွက်ခြင်း	Partnership	Working together			
Colleague	လုပ်ဖက်ကိုင်ဖက်	Personnel	Co-worker			
Community engagement	ပြည်သူလူထု ပူးပေါင်းပါဝင်လှုပ်ရှားမှု	Public Health	Community participation			
Community organization	လူမှုရေးအဖွဲ့အစည်း	Organization	Social organization			
Community transmission	လူထုအတွင်း ကူးစက်ပြန့်ပွားမှု	Epidemiology	Spread within community			
Community-based TB care	ပြည်သူလူထု အခြေပြုတီဘီလုပ်ငန်းများ	Healthcare System	Community TB activities			
Compliance	လိုက်နာဆောင်ရွက်ခြင်း	Behavior	Following instructions			
Confirmed TB patient	အတည်ပြုတီဘီလူနာ	Diagnosis	Laboratory-confirmed case	အတည်ပြုတီဘီလူနာ		
Contact examination	ထိတွေ့သူ စစ်ဆေးခြင်း	Diagnosis	Screening contacts	ထိတွေ့သူ စစ်ဆေးခြင်း		
Continuation phase	ဆက်လက်ကုကာလ	Treatment	Continuation treatment phase			
Cough	ချောင်းဆိုး	Symptom	Respiratory symptom			
Cough for 2 weeks	ရက်သတ္တ (၂)ပတ်နှင့်အထက် ချောင်းဆိုး	Symptom	Prolonged cough			
Counselling session	နှစ်သိမ့်ဆွေးနွေးပညာပေးခြင်း	Education	Counseling meeting			
Diabetes	ဆီးချိုဝေဒနာ	Comorbidity	Diabetes mellitus			
Digital X-ray	Digital X-ray	Diagnosis	Digital radiography			
DOTS Strategy	DOTS Strategy (တိုက်ရိုက်ကြည့်ရှုအချိန်တိုနှင့်ကု မဟာဗျူဟာ)	Strategy	Directly Observed Treatment Short-course			
Elderly	သက်ကြီးရွယ်အို	Demographics	Older adults			
End TB Strategy	တီဘီပပျောက်ရေးမဟာဗျူဟာ	Strategy	WHO TB elimination strategy	တီဘီပပျောက်ရေးမဟာဗျူဟာ		
Ethnic health organization	တိုင်းရင်းသားကျန်းမာရေးအဖွဲ့အစည်း	Organization	Ethnic healthcare group			
Evolution	တိုးတက်ပြောင်းလဲမှု	Change	Development over time			
Exploratory question	ဆန်းစစ်သော မေးခွန်း	Communication	Investigative question			
Factory	အလုပ်ရုံ	Location	Industrial workplace			
Family members	မိသားစုဝင်များ	Demographics	Household members			
Field visit	ကွင်းဆင်းခြင်း	Monitoring	Site visit			
Financial burden	ငွေကြေး ဝန်ထုပ်ဝန်ပိုး	Economics	Economic hardship			
Financial protection	ငွေကြေး ကာကွယ်မှု	Economics	Protection from costs			
Follow-up appointment	ဆေးခန်းသို့ပြန်ပြရန်ချိန်းဆိုခြင်း	Treatment	Scheduled return visit			
Gap	ကွာဟချက်	Evaluation	Shortcoming or deficiency			
Gene Xpert	Gene Xpert	Diagnosis	Molecular diagnostic test			
Health education	ကျန်းမာရေးပညာပေးခြင်း	Education	Health teaching			
Health program	ကျန်းမာရေးလုပ်ငန်းများ	Public Health	Health initiative			
Household contact screening	အတူနေသူ စစ်ဆေးခြင်း	Diagnosis	Contact investigation			
Immunization program	ကာကွယ်ဆေးထိုးခြင်းအစီအစဉ်	Prevention	Vaccination program	ကာကွယ်ဆေးထိုးခြင်းအစီအစဉ်		
Implementation	ပထမဆုံးအိမ်တိုင်ရာရောက်ကုသခြင်း	General	Putting into practice	ပထမဆုံးအိမ်တိုင်ရာရောက်ကုသခြင်း		
Initial home visit	အိမ်တိုင်ယာရောက် Initial Home Visit	Contact Management	First household visit			
Initial phase	ကနဦးကြပ်မတ်ကုကာလ	Treatment	Intensive phase			
Intensive phase	အထူးကြပ်မတ်ကုသကာလ	Treatment	treatment phase	အထူးကြပ်မတ်ကုသကာလ		
International NGO	ပြည်ပအန်ဂျီအို	Organization	Foreign NGO			
JEMM (Joint External Monitoring Mission)	JEMM	Monitoring	External evaluation mission			
Laboratory technician	ဓာတ်ခွဲကျွမ်းကျင်ပညာရှင်	Personnel	Lab specialist			
Leaflets	လက်ကမ်းစာစောင်များ	Education	Educational pamphlets			
Listening	နားထောင်ခြင်း	Communication	Active listening			
Livelihood	အသက်မွေးဝမ်းကျောင်း	Economics	Means of living			
Local NGO	ပြည်တွင်း NGO	Organization	Domestic NGO			
Magazines	မဂ္ဂဇင်း	Education	Print media			
Mandatory notification	မဖြစ်မနေသတင်းပို့ရန် အမိန့်	Reporting	Compulsory reporting			
MCH (Maternal and Child Health)	MCH (မိခင်ကလေးကျန်းမာရေး)	Healthcare System	Mother-child health			
Media	မီဒီယာ	Education	Communication channels			
Migrant worker	ရွှေ့ပြောင်း အလုပ်သမား	Demographics	Mobile laborer			
Milestone	မှတ်တိုင် / ဝိသေသ ရည်မှန်းချက်	Goals	Target achievement point			
Millennium Development Goals	ကုလသမဂ္ဂထောင်စုနှစ်ဖွံ့ဖြိုးမှုရည်မှန်းချက်များ	Goals	MDG targets	ကုလသမဂ္ဂထောင်စုနှစ်ဖွံ့ဖြိုးမှုရည်မှန်းချက်များ		
Misconception	မှားယွင်းသောအယူအဆ	Education	Wrong belief			
Mobile Chest X-ray Machine	Mobile Chest X-ray Machine	Equipment	Portable X-ray			
Mobile team	နယ်လှည့်ဆေးကုအဖွဲ့	Healthcare System	Outreach team			
Monitoring mission	ပြန်လည်သုံးသပ်ခြင်း	Evaluation	Review mission			
Multidisciplinary	ဘက်စုံကျွမ်းကျင်သူ	Expertise	Multiple specialties			
National Strategic Plan	National Strategic Plan	Planning	NSP			
Neighbor	အိမ်နီးချင်း	Demographics	Nearby resident			
NSP (National Strategic Plan)	NSP	Planning	National TB plan			
NTRL (National TB Reference Laboratory)	NTRL	Laboratory	National reference lab			
Observation	ကြည့်ရှုခြင်း	Monitoring	Watching treatment			
Out-of-pocket costs	အပိုငွေကြေး ကုန်ကျမှု	Economics	Direct payment costs			
Outpatient	ပြင်ပလူနာ	Healthcare	Non-admitted patient			
Pamphlet	လက်ကမ်းစာစောင်	Education	Informational brochure			
Partner organization	မိတ်ဖက်အဖွဲ့အစည်း	Organization	Collaborating entity			
Prescribed medication	သတ်မှတ်ထားသောဆေးဝါးများ	Treatment	Ordered medicine			
Presumptive TB	သံသယတီဘီလူနာ	Diagnosis	Suspected TB case			
Prevalence survey	တီဘီဖြစ်ပွားမှုစစ်တမ်း	Epidemiology	Disease prevalence study			
Prevention of transmission	ကူးစက်မှု ကာကွယ်ခြင်း	Prevention	Stopping spread			
Prison	အကျဉ်းထောင် / ထောင်	Location	Correctional facility			
Prison doctor	ထောင်ဆရာဝန်	Personnel	Prison physician			
Private sector	ပုဂ္ဂလိကကဏ္ဍ	Healthcare System	Private healthcare			
Public knowledge	ပြည်သူလူထု အသိပညာ	Education	Community awareness			
Public participation	ပြည်သူလူထု ပူးပေါင်းပါဝင်လှုပ်ရှားမှု	Public Health	Community involvement			
Quarterly reporting	သုံးလတစ်ကြိမ် အစီရင်ခံစာပို့ခြင်း	Reporting	Three-month report			
Radio	ရေဒီယို	Education	Radio broadcast			
Record keeper	မှတ်တမ်းတင်သူ	Personnel	Record keeper			
Record keeping	မှတ်တမ်းတင်ခြင်း	Documentation	Maintaining records			
Refer for testing	စစ်ဆေးရန် ညွှန်ကြား	Diagnosis	Send for examination			
Remote area	ဝေးလံခက်ခဲသောဒေသ	Location	Distant region			
Research agenda	သုတေသန အစီအစဉ်	Research	Research plan			
Research paper	သုတေသနစာတမ်း	Research	Research publication			
Respectful attitude	လေးစားမှုထားသောအမူအရာ	Behavior	Courteous manner	လေးစားမှုထားသောအမူအရာ		
Rifampicin resistance	Rifampicin ဆေးယဉ်ပါးမှု	Resistance	RIF resistance			
Risk stratification	အလားအလာအလိုက် ခွဲခြားခြင်း	Epidemiology	Risk categorization			
SDG (Sustainable Development Goals)	SDG (စဉ်ဆက်မပြတ်ဖွံ့ဖြိုးတိုးတက်မှု ပန်းတိုင်များ)	Goals	UN development goals			
Screening questions	မေးမြန်းစစ်ဆေးခြင်း	Diagnosis	Assessment questions			
Slum	ဆင်ခြေဖုံး	Location	Urban poor area			
SORT IT course	SORT IT သင်တန်း	Training	Operational research training			
Sputum collection	သလိပ်စုဆောင်းခြင်း	Diagnosis	Sputum gathering			
Sputum collection centre	သလိပ်စုဆောင်းသည့် နေရာ	Facility	Sputum collection point			
Sputum examination	သလိပ် စစ်ဆေးခြင်း	Diagnosis	Sputum testing			
Sputum sample	သလိပ်နမူနာ	Diagnosis	Sputum specimen			
Sputum transport	သလိပ်ပေးပို့ခြင်း	Logistics	Sample transportation			
Stop TB Strategy	Stop TB Strategy	Strategy	WHO TB strategy 2007			
Subsequent	နောက်ဆက်တွဲ	Sequence	Following or later			
Supervision	စီစစ်ကြီးကြပ်ခြင်း	Monitoring	Oversight			
Symptomatic contacts	ရောဂါလက္ခဏာရှိသော အတူနေသူများ	Contact Management	Contacts with symptoms			
Systematic medication	စနစ်တကျ ဆေးသောက်ခြင်း	Treatment	Regular medication			
Systematic treatment	စနစ်တကျ ဆေးကုသခြင်း	Treatment	Organized treatment			
Tablet	Tablet	Equipment	Electronic device			
TB awareness	တီဘီအကြောင်းအသိပညာ	Education	TB knowledge			
TB bacilli	တီဘီပိုး	Microbiology	TB bacteria			
TB Research Agenda	တီဘီသုတေသန အစီအစဉ်	Research	TB research plan	တီဘီသုတေသန အစီအစဉ်		
TB symptoms	တီဘီလက္ခဏာများ	Symptom	Tuberculosis symptoms			
Township hospital	မြို့နယ်ဆေးရုံ	Facility	District hospital			
Training	သင်တန်းပို့ချခြင်း	Education	Skill development			
Treatment stage	ရောဂါကုထုံးအဆင့်	Treatment	Phase of therapy			
TV	ရုပ်မြင်သံကြား	Education	Television			
Under the same roof	တစ်မိုးအောက်၌	Location	Same household			
Video	ဗွီဒီယိုခွေ	Education	Video content			
Village	ရပ်ရွာ	Location	Rural settlement			
Voluntary screening	ဆန္ဒအလျောက် စစ်ဆေးခြင်း	Diagnosis	Willingness to test			
Volunteer	စေတနာ့ဝန်ထမ်း	Personnel	Unpaid helper			
Volunteer health worker	စေတနာ့ဝန်ထမ်းကျန်းမာရေးလုပ်သား	Personnel	Community health volunteer			
Web page	ဝက်ဆိုဒ်စာမျက်နှာ	Education	Website	ဝက်ဆိုဒ်စာမျက်နှာ		
Workplace	လုပ်ငန်းခွင်	Location	Work environment			
X-ray technician	ဓါတ်မှန်ကျွမ်းကျင်	Personnel	Radiography specialist			

BPaLM regimen	BPaLM ကုထုံး	Treatment	Bedaquiline-Pretomanid-Linezolid-Moxifloxacin			
BPaLC regimen	BPaLC ကုထုံး	Treatment	Bedaquiline-Pretomanid-Linezolid-Clofazimine			
Clofazimine	ကလိုဖာဇီမင်းဆေးဝါး	Drugs	Second-line TB drug			
Cfz (Clofazimine)	Cfz (ကလိုဖာဇီမင်းဆေးဝါး)	Drugs	Second-line TB drug abbreviation			
Pre-XDR-TB	ဆေးကြိုတင်ကာကွယ်မှုမအောင်မြင်သော XDR-TB	Diagnosis	Precursor to extensively drug-resistant TB			
ATP synthase inhibitor	ATP synthase တားဆီးနိုင်သောဆေးဝါး	Pharmacology	Mechanism of bedaquiline			
Cell wall biosynthesis	ဆဲလ်နံရံ ဇီဝထုတ်လုပ်မှု	Pharmacology	Target of pretomanid			
Topoisomerase inhibitor	တိုပိုအိုင်ဆိုမာရေ့စ် တားဆီးနိုင်သောဆေးဝါး	Pharmacology	Mechanism of fluoroquinolones			
Optic neuritis	မျက်လုံးအာရုံကြောရောင်ရမ်းခြင်း	Side Effects	Linezolid eye side effect			
Myelosuppression		ရိုးတွင်းခြင်ဆီဖိနှိပ်ခံရမှု	Side Effects	Bone marrow suppression			
QTcF	QTcF (Fridericia ပြင်ဆင်သော QT ကြာချိန်)	Monitoring	Fridericia-corrected QT interval			
QT prolongation	QT ကြာရှည်ဆန့်ထွက်မှု	Side Effects	Cardiac interval prolongation			
Torsades de Pointes	Torsades de Pointes (နှလုံးခုန်နှုန်း ပုံမမှန်ရောဂါ)	Side Effects	Life-threatening cardiac arrhythmia			
Serotonin syndrome	ဆယ်ရိုတိုနင် ဆင်ဒရုမ်း	Side Effects	Dangerous serotonin excess			
CYP450 induction	CYP450 ဓာတ်ပြုမှုမြှင့်တင်ခြင်း	Pharmacology	Liver enzyme induction reducing drug levels			
Dolutegravir	ဒိုလူတီဂရာဗီးယားဆေးဝါး	Drugs	Preferred HIV integrase inhibitor with TB drugs			
DTG (Dolutegravir)	DTG (ဒိုလူတီဂရာဗီးယားဆေးဝါး)	Drugs	ART drug abbreviation			
Efavirenz	အီဖာဗီရင်ဇ်ဆေးဝါး	Drugs	NNRTI with CYP450 induction			
EFV (Efavirenz)	EFV (အီဖာဗီရင်ဇ်ဆေးဝါး)	Drugs	ART drug abbreviation			
Zidovudine	ဇီဒိုဗျူဒင်ဆေးဝါး	Drugs	NRTI avoided with linezolid			
PHQ-9	PHQ-9 (စိတ်ကျရောဂါစစ်ဆေးနိုင်သောကိရိယာ)	Screening	Patient Health Questionnaire-9 depression tool			
Depression screening	စိတ်ကျရောဂါ စစ်ဆေးခြင်း	Mental Health	Mandatory PHQ-9 at treatment start			
Citalopram	ဆိုင်တာလိုပရမ်ဆေးဝါး	Drugs	SSRI antidepressant; QT monitoring required			
Sertraline	ဆာထရာလင်းဆေးဝါး	Drugs	SSRI safe with Mfx/Bdq/Dlm			
Mirtazapine	မာတာဇာပင်းဆေးဝါး	Drugs	NaSSA antidepressant safe with Lzd/Bdq/Dlm			
SSRI	SSRI (ဆီရိုတိုနင် ပြန်လည်စုပ်ယူမှုကို ပိတ်ဆို့သောဆေး)	Drugs	Selective serotonin reuptake inhibitor class			
Antidepressant	စိတ်ကျဆန့်ကျင် ဆေးဝါး	Drugs	Medication for depression			
Peer support	အချင်းချင်း ပံ့ပိုးမှု	Patient Education	Support from fellow patients			
Psychosis	စိတ်ဝေဒနာ	Mental Health	Severe mental disorder			
Anxiety disorder	စိုးရိမ်ပူပန်မှုရောဂါ	Mental Health	Anxiety mental health condition			
FEFO	FEFO (ကုန်ဆုံးသက်တမ်းနီးသောဆေးကိုဦးစွာသုံးစွဲခြင်း)	Drug Management	First-Expired-First-Out principle			
Stock book	ဆေးဝါးမှတ်တမ်းစာအုပ်	Drug Management	Inventory record book			
Delivery note	ပို့ဆောင်မှတ်တမ်းလက်ခံစာ	Drug Management	Shipment documentation			
Shelf life	ဆေးသက်တမ်းကာလ	Drug Management	Remaining usability period of medicines			
Disqualified medicines	အရည်အသွေးမမှီသောဆေးဝါးများ	Drug Management	Substandard or expired drugs			
Cold chain	အအေးသိုလှောင်ကွင်းဆက်	Drug Management	Temperature-controlled medicine supply			
Thermometer	အပူချိန်တိုင်းကိရိယာ	Equipment	Temperature measuring device			
Humidity	စိုထိုင်းဆ	Drug Management	Moisture level in storage area			
Fire extinguisher	မီးသတ်ဆေးဘူး	Safety	Fire safety equipment			
Quarantine area	သီးခြားနေရာချထားသောနေရာ	Drug Management	Isolation area for substandard stock			
Weight band dosing	ကိုယ်အလေးချိန်အပိုင်းအခြားအလိုက် ဆေးပမာဏသတ်မှတ်ခြင်း	Pediatrics	Dose determination by weight category			
CALHIV	CALHIV (HIV ကူးစက်ခံသောကလေးနှင့်ဆယ်ကျော်သက်များ)	Demographics	Children and adolescents living with HIV			
Age-appropriate dosing	အသက်အလိုက် သင့်တော်သောဆေးပမာဏ	Pediatrics	Dosing adjusted for age group			
Hr-TB	Hr-TB (ရိုင်ဖမ်ပီဆင်ဆေးဝါးထိရောက်ပြီး အိုင်ဆိုနိုင်ယာဇစ်ဆေးယဉ်ပါးတီဘီ)	Diagnosis	Rifampicin-susceptible, isoniazid-resistant TB			
Isoniazid resistance	အိုင်ဆိုနိုင်ယာဇစ်ဆေးယဉ်ပါးမှု	Resistance	Resistance to isoniazid			
LFU (Lost to Follow-Up)	LFU (နောက်ထပ်စစ်ဆေးမှုများအတွက် လူနာမရှိခြင်း)	Treatment Outcome	Patient not returning for follow-up			
Group A drugs	အုပ်စု A ဆေးဝါးများ	Drugs	Priority MDR-TB drugs: Lfx/Mfx, Bdq, Lzd			
Group B drugs	အုပ်စု B ဆေးဝါးများ	Drugs	Add-on MDR-TB drugs: Cfz, Cs/Trd			
Group C drugs	အုပ်စု C ဆေးဝါးများ	Drugs	Backup MDR-TB drugs: E, Dlm, Z, Ipm, Am, Eto/Pto			
Stepwise regimen design	အဆင့်ဆင့် ကုထုံးဒီဇိုင်းဆွဲခြင်း	Treatment	Sequential drug selection for longer MDR-TB regimen